Name,Surname
Alexander,Harrington
Victoria,Sinclair
Benjamin,Reynolds
Emily,Harrison
Christopher,Wells
Olivia,Manning
Jonathan,Mercer
Sophia,Armstrong
Matthew,Thompson
Isabella,Chandler
Nicholas,Blackwell
Ava,Whitman
William,Kensington
Amelia,Forbes
Daniel,Harrington
Grace,Livingston
Michael,Stratton
Scarlett,Montgomery
Andrew,Pemberton
Natalie,Harrington
Ethan,Sinclair
Abigail,Thornton
Christopher,Caldwell
Madison,Prescott
Samuel,Kensington
Lily,Crawford
Joseph,Whitman
Chloe,Mercer
Jameson,Harrington
Caroline,Bennett
Jonathan,Worthington
Sophia,Donovan
Benjamin,Archer
Emma,Kensington
Christopher,Lawrence
Grace,Harrington
Matthew,Kingsley
Isabella,Thornton
Alexander,Harrison
Ava,Sinclair
William,Montgomery
Amelia,Wellington
Daniel,Blackwell
Natalie,Dalton
Michael,Anderson
Scarlett,Monroe
Oliver,Harrington
Madison,Preston
Samuel,Caldwell
Lily,Worthington
Joseph,Kensington
Chloe,Sinclair
Alexander,Donovan
Olivia,Bennett
Jonathan,Dalton
Sophia,Archer
Benjamin,Stratton
Emma,Harrington
Christopher,Livingston
Grace,Sinclair
Matthew,Pemberton
Nicholas,Kingsley
Ava,Anderson
William,Sinclair
Amelia,Stratton
Daniel,Dalton
Natalie,Crawford
Michael,Archer
Scarlett,Preston
Andrew,Anderson
Madison,Montgomery
Samuel,Harrington
Lily,Harrington
Joseph,Worthington
Chloe,Montgomery
Caleb,Harrington
Sophia,Kingsley
Benjamin,Sinclair
Christopher,Donovan
Grace,Worthington
Nicholas,Livingston
Ava,Harrington
William,Donovan
Amelia,Anderson
Natalie,Worthington
Michael,Sinclair
Scarlett,Harrington
Andrew,Stratton
Madison,Donovan
Samuel,Worthington
Lily,Pemberton
Joseph,Harrington
Chloe,Worthington
Harrison,Bennett
Evelyn,Mitchell
Alexander,Hayes
Lauren,Thornton
Mason,Carter
Olivia,Simmons
Jonathan,Parker
